model,CCC,PCC,MAE,MSE
GRU,5.237950517766876e-09,0.3305777609348297,0.5693032741546631,0.47932279109954834
LSTM,7.945179625323817e-09,0.4800080955028534,0.5523244738578796,0.4588393568992615
MLP,-0.019118236377835274,-0.1008458212018013,0.5768176317214966,0.5060069561004639
